[{"pk": 25, "model": "auth.permission", "fields": {"codename": "add_logentry", "name": "Can add log entry", "content_type": 9}}, {"pk": 26, "model": "auth.permission", "fields": {"codename": "change_logentry", "name": "Can change log entry", "content_type": 9}}, {"pk": 27, "model": "auth.permission", "fields": {"codename": "delete_logentry", "name": "Can delete log entry", "content_type": 9}}, {"pk": 4, "model": "auth.permission", "fields": {"codename": "add_group", "name": "Can add group", "content_type": 2}}, {"pk": 10, "model": "auth.permission", "fields": {"codename": "add_message", "name": "Can add message", "content_type": 4}}, {"pk": 1, "model": "auth.permission", "fields": {"codename": "add_permission", "name": "Can add permission", "content_type": 1}}, {"pk": 7, "model": "auth.permission", "fields": {"codename": "add_user", "name": "Can add user", "content_type": 3}}, {"pk": 5, "model": "auth.permission", "fields": {"codename": "change_group", "name": "Can change group", "content_type": 2}}, {"pk": 11, "model": "auth.permission", "fields": {"codename": "change_message", "name": "Can change message", "content_type": 4}}, {"pk": 2, "model": "auth.permission", "fields": {"codename": "change_permission", "name": "Can change permission", "content_type": 1}}, {"pk": 8, "model": "auth.permission", "fields": {"codename": "change_user", "name": "Can change user", "content_type": 3}}, {"pk": 6, "model": "auth.permission", "fields": {"codename": "delete_group", "name": "Can delete group", "content_type": 2}}, {"pk": 12, "model": "auth.permission", "fields": {"codename": "delete_message", "name": "Can delete message", "content_type": 4}}, {"pk": 3, "model": "auth.permission", "fields": {"codename": "delete_permission", "name": "Can delete permission", "content_type": 1}}, {"pk": 9, "model": "auth.permission", "fields": {"codename": "delete_user", "name": "Can delete user", "content_type": 3}}, {"pk": 13, "model": "auth.permission", "fields": {"codename": "add_contenttype", "name": "Can add content type", "content_type": 5}}, {"pk": 14, "model": "auth.permission", "fields": {"codename": "change_contenttype", "name": "Can change content type", "content_type": 5}}, {"pk": 15, "model": "auth.permission", "fields": {"codename": "delete_contenttype", "name": "Can delete content type", "content_type": 5}}, {"pk": 51, "model": "auth.permission", "fields": {"codename": "add_course", "name": "Can add course", "content_type": 17}}, {"pk": 52, "model": "auth.permission", "fields": {"codename": "change_course", "name": "Can change course", "content_type": 17}}, {"pk": 53, "model": "auth.permission", "fields": {"codename": "delete_course", "name": "Can delete course", "content_type": 17}}, {"pk": 22, "model": "auth.permission", "fields": {"codename": "add_flatpage", "name": "Can add flat page", "content_type": 8}}, {"pk": 23, "model": "auth.permission", "fields": {"codename": "change_flatpage", "name": "Can change flat page", "content_type": 8}}, {"pk": 24, "model": "auth.permission", "fields": {"codename": "delete_flatpage", "name": "Can delete flat page", "content_type": 8}}, {"pk": 48, "model": "auth.permission", "fields": {"codename": "add_activity", "name": "Can add activity", "content_type": 16}}, {"pk": 49, "model": "auth.permission", "fields": {"codename": "change_activity", "name": "Can change activity", "content_type": 16}}, {"pk": 50, "model": "auth.permission", "fields": {"codename": "delete_activity", "name": "Can delete activity", "content_type": 16}}, {"pk": 16, "model": "auth.permission", "fields": {"codename": "add_session", "name": "Can add session", "content_type": 6}}, {"pk": 17, "model": "auth.permission", "fields": {"codename": "change_session", "name": "Can change session", "content_type": 6}}, {"pk": 18, "model": "auth.permission", "fields": {"codename": "delete_session", "name": "Can delete session", "content_type": 6}}, {"pk": 19, "model": "auth.permission", "fields": {"codename": "add_site", "name": "Can add site", "content_type": 7}}, {"pk": 20, "model": "auth.permission", "fields": {"codename": "change_site", "name": "Can change site", "content_type": 7}}, {"pk": 21, "model": "auth.permission", "fields": {"codename": "delete_site", "name": "Can delete site", "content_type": 7}}, {"pk": 60, "model": "auth.permission", "fields": {"codename": "add_assignment", "name": "Can add assignment", "content_type": 20}}, {"pk": 57, "model": "auth.permission", "fields": {"codename": "add_game", "name": "Can add game", "content_type": 19}}, {"pk": 63, "model": "auth.permission", "fields": {"codename": "add_shock", "name": "Can add shock", "content_type": 21}}, {"pk": 69, "model": "auth.permission", "fields": {"codename": "add_state", "name": "Can add state", "content_type": 23}}, {"pk": 72, "model": "auth.permission", "fields": {"codename": "add_submission", "name": "Can add submission", "content_type": 24}}, {"pk": 66, "model": "auth.permission", "fields": {"codename": "add_turn", "name": "Can add turn", "content_type": 22}}, {"pk": 61, "model": "auth.permission", "fields": {"codename": "change_assignment", "name": "Can change assignment", "content_type": 20}}, {"pk": 58, "model": "auth.permission", "fields": {"codename": "change_game", "name": "Can change game", "content_type": 19}}, {"pk": 64, "model": "auth.permission", "fields": {"codename": "change_shock", "name": "Can change shock", "content_type": 21}}, {"pk": 70, "model": "auth.permission", "fields": {"codename": "change_state", "name": "Can change state", "content_type": 23}}, {"pk": 73, "model": "auth.permission", "fields": {"codename": "change_submission", "name": "Can change submission", "content_type": 24}}, {"pk": 67, "model": "auth.permission", "fields": {"codename": "change_turn", "name": "Can change turn", "content_type": 22}}, {"pk": 62, "model": "auth.permission", "fields": {"codename": "delete_assignment", "name": "Can delete assignment", "content_type": 20}}, {"pk": 59, "model": "auth.permission", "fields": {"codename": "delete_game", "name": "Can delete game", "content_type": 19}}, {"pk": 65, "model": "auth.permission", "fields": {"codename": "delete_shock", "name": "Can delete shock", "content_type": 21}}, {"pk": 71, "model": "auth.permission", "fields": {"codename": "delete_state", "name": "Can delete state", "content_type": 23}}, {"pk": 74, "model": "auth.permission", "fields": {"codename": "delete_submission", "name": "Can delete submission", "content_type": 24}}, {"pk": 68, "model": "auth.permission", "fields": {"codename": "delete_turn", "name": "Can delete turn", "content_type": 22}}, {"pk": 43, "model": "auth.permission", "fields": {"codename": "add_answer", "name": "Can add answer", "content_type": 15}}, {"pk": 40, "model": "auth.permission", "fields": {"codename": "add_choice", "name": "Can add choice", "content_type": 14}}, {"pk": 37, "model": "auth.permission", "fields": {"codename": "add_question", "name": "Can add question", "content_type": 13}}, {"pk": 34, "model": "auth.permission", "fields": {"codename": "add_survey", "name": "Can add survey", "content_type": 12}}, {"pk": 44, "model": "auth.permission", "fields": {"codename": "change_answer", "name": "Can change answer", "content_type": 15}}, {"pk": 41, "model": "auth.permission", "fields": {"codename": "change_choice", "name": "Can change choice", "content_type": 14}}, {"pk": 38, "model": "auth.permission", "fields": {"codename": "change_question", "name": "Can change question", "content_type": 13}}, {"pk": 35, "model": "auth.permission", "fields": {"codename": "change_survey", "name": "Can change survey", "content_type": 12}}, {"pk": 45, "model": "auth.permission", "fields": {"codename": "delete_answer", "name": "Can delete answer", "content_type": 15}}, {"pk": 42, "model": "auth.permission", "fields": {"codename": "delete_choice", "name": "Can delete choice", "content_type": 14}}, {"pk": 39, "model": "auth.permission", "fields": {"codename": "delete_question", "name": "Can delete question", "content_type": 13}}, {"pk": 36, "model": "auth.permission", "fields": {"codename": "delete_survey", "name": "Can delete survey", "content_type": 12}}, {"pk": 46, "model": "auth.permission", "fields": {"codename": "view_answers", "name": "Can view survey answers", "content_type": 15}}, {"pk": 47, "model": "auth.permission", "fields": {"codename": "view_submissions", "name": "Can view survey submissions", "content_type": 15}}, {"pk": 28, "model": "auth.permission", "fields": {"codename": "add_tag", "name": "Can add tag", "content_type": 10}}, {"pk": 31, "model": "auth.permission", "fields": {"codename": "add_taggeditem", "name": "Can add tagged item", "content_type": 11}}, {"pk": 29, "model": "auth.permission", "fields": {"codename": "change_tag", "name": "Can change tag", "content_type": 10}}, {"pk": 32, "model": "auth.permission", "fields": {"codename": "change_taggeditem", "name": "Can change tagged item", "content_type": 11}}, {"pk": 30, "model": "auth.permission", "fields": {"codename": "delete_tag", "name": "Can delete tag", "content_type": 10}}, {"pk": 33, "model": "auth.permission", "fields": {"codename": "delete_taggeditem", "name": "Can delete tagged item", "content_type": 11}}, {"pk": 54, "model": "auth.permission", "fields": {"codename": "add_team", "name": "Can add team", "content_type": 18}}, {"pk": 55, "model": "auth.permission", "fields": {"codename": "change_team", "name": "Can change team", "content_type": 18}}, {"pk": 56, "model": "auth.permission", "fields": {"codename": "delete_team", "name": "Can delete team", "content_type": 18}}, {"pk": 1, "model": "auth.group", "fields": {"name": "hi", "permissions": []}}, {"pk": 2, "model": "auth.group", "fields": {"name": "", "permissions": []}}, {"pk": 3, "model": "auth.group", "fields": {"name": "sky1", "permissions": []}}, {"pk": 4, "model": "auth.group", "fields": {"name": "team1", "permissions": []}}, {"pk": 5, "model": "auth.group", "fields": {"name": "asdf: team1", "permissions": []}}, {"pk": 6, "model": "auth.group", "fields": {"name": "Team : asdf: team1", "permissions": []}}, {"pk": 7, "model": "auth.group", "fields": {"name": "Team:  - asdf - team1", "permissions": []}}, {"pk": 8, "model": "auth.group", "fields": {"name": "Team:  - asdf - team2", "permissions": []}}, {"pk": 9, "model": "auth.group", "fields": {"name": "src.cunix.local:columbia.edu", "permissions": []}}, {"pk": 10, "model": "auth.group", "fields": {"name": "staff.cunix.local:columbia.edu", "permissions": []}}, {"pk": 11, "model": "auth.group", "fields": {"name": "tlc.cunix.local:columbia.edu", "permissions": []}}, {"pk": 12, "model": "auth.group", "fields": {"name": "tlcxml.cunix.local:columbia.edu", "permissions": []}}, {"pk": 13, "model": "auth.group", "fields": {"name": "ALL_CU", "permissions": []}}, {"pk": 14, "model": "auth.group", "fields": {"name": "Team:  - asdf", "permissions": []}}, {"pk": 18, "model": "auth.group", "fields": {"name": "Team 4:  - asdf", "permissions": []}}, {"pk": 19, "model": "auth.group", "fields": {"name": "Team 5:  - asdf", "permissions": []}}, {"pk": 3, "model": "auth.user", "fields": {"username": "stud", "first_name": "", "last_name": "", "is_active": true, "is_superuser": false, "is_staff": false, "last_login": "2009-08-05 17:32:16", "groups": [], "user_permissions": [], "password": "sha1$72714$cae614e80f17de59c607d720e9cb0501bb0220e1", "email": "", "date_joined": "2009-08-05 16:33:25"}}, {"pk": 1, "model": "auth.user", "fields": {"username": "sky", "first_name": "", "last_name": "", "is_active": true, "is_superuser": true, "is_staff": true, "last_login": "2009-08-11 13:53:44", "groups": [], "user_permissions": [], "password": "sha1$dd6b8$7f6039da841ef979dc348528969a72b1acbe07e9", "email": "hi@hi.com", "date_joined": "2009-08-11 13:52:08"}}, {"pk": 4, "model": "auth.user", "fields": {"username": "sbd12", "first_name": "Schuyler", "last_name": "Duveen", "is_active": true, "is_superuser": true, "is_staff": true, "last_login": "2009-09-09 12:11:00", "groups": [7, 9, 10, 11, 12, 13], "user_permissions": [], "password": "!", "email": "sbd12@columbia.edu", "date_joined": "2009-08-11 13:54:15"}}, {"pk": 1, "model": "survey.survey", "fields": {"closes": "2009-08-31 10:37:20", "editable_by": 1, "description": "Fill out the questions, please.", "title": "Profile", "restricted": true, "allows_multiple_interviews": false, "created_by": 1, "public": false, "visible": true, "recipient_id": 1, "recipient_type": 17, "template_name": "", "slug": "profile", "opens": "2009-08-04 10:37:11"}}, {"pk": 1, "model": "survey.question", "fields": {"text": "Please list your current *program* of study.", "image": "", "required": true, "choice_num_min": 1, "choice_num_max": 1, "survey": 1, "qstyle": "", "qtype": "R", "order": 1}}, {"pk": 2, "model": "survey.question", "fields": {"text": "Other Program:", "image": "", "required": false, "choice_num_min": null, "choice_num_max": null, "survey": 1, "qstyle": "", "qtype": "T", "order": 2}}, {"pk": 3, "model": "survey.question", "fields": {"text": "Please describe your previous academic experience and interests.", "image": "", "required": true, "choice_num_min": null, "choice_num_max": null, "survey": 1, "qstyle": "", "qtype": "A", "order": 3}}, {"pk": 4, "model": "survey.question", "fields": {"text": "Please check the box that best describes your area of expertise", "image": "", "required": true, "choice_num_min": null, "choice_num_max": null, "survey": 1, "qstyle": "", "qtype": "C", "order": 5}}, {"pk": 5, "model": "survey.question", "fields": {"text": "Other expertise", "image": "", "required": false, "choice_num_min": null, "choice_num_max": null, "survey": 1, "qstyle": "", "qtype": "T", "order": 6}}, {"pk": 6, "model": "survey.question", "fields": {"text": "Have you participated in previous training programs related to this course? ", "image": "", "required": true, "choice_num_min": 1, "choice_num_max": 1, "survey": 1, "qstyle": "", "qtype": "R", "order": 70}}, {"pk": 7, "model": "survey.question", "fields": {"text": "Do you have previous professional experience focusing specifically on positions that are relevant to the topics in this course and any development project management or design?", "image": "", "required": true, "choice_num_min": 1, "choice_num_max": 1, "survey": 1, "qstyle": "", "qtype": "R", "order": 80}}, {"pk": 8, "model": "survey.question", "fields": {"text": "If yes please detail, Conflict resolution courses, natural resource management, development projects, or general project management etc.", "image": "", "required": false, "choice_num_min": null, "choice_num_max": null, "survey": 1, "qstyle": "", "qtype": "A", "order": 75}}, {"pk": 9, "model": "survey.question", "fields": {"text": "If yes, please detail and note how much time.", "image": "", "required": false, "choice_num_min": null, "choice_num_max": null, "survey": 1, "qstyle": "", "qtype": "A", "order": 90}}, {"pk": 10, "model": "survey.question", "fields": {"text": "Have you had any previous fieldwork in a post-conflict context or direct experiences in a conflict zone?", "image": "", "required": true, "choice_num_min": 1, "choice_num_max": 1, "survey": 1, "qstyle": "", "qtype": "R", "order": 100}}, {"pk": 11, "model": "survey.question", "fields": {"text": "If yes please detail.", "image": "", "required": false, "choice_num_min": null, "choice_num_max": null, "survey": 1, "qstyle": "", "qtype": "A", "order": 110}}, {"pk": 15, "model": "survey.choice", "fields": {"text": "Yes", "image": "", "question": 6, "order": 1}}, {"pk": 10, "model": "survey.choice", "fields": {"text": "environment resource management", "image": "", "question": 4, "order": 1}}, {"pk": 1, "model": "survey.choice", "fields": {"text": "SIPA MIA EPS", "image": "", "question": 1, "order": 1}}, {"pk": 19, "model": "survey.choice", "fields": {"text": "Yes", "image": "", "question": 10, "order": 1}}, {"pk": 17, "model": "survey.choice", "fields": {"text": "Yes", "image": "", "question": 7, "order": 1}}, {"pk": 20, "model": "survey.choice", "fields": {"text": "No", "image": "", "question": 10, "order": 2}}, {"pk": 2, "model": "survey.choice", "fields": {"text": "SIPA MIA EPD", "image": "", "question": 1, "order": 2}}, {"pk": 11, "model": "survey.choice", "fields": {"text": "conflict resolution/prevention", "image": "", "question": 4, "order": 2}}, {"pk": 16, "model": "survey.choice", "fields": {"text": "No", "image": "", "question": 6, "order": 2}}, {"pk": 18, "model": "survey.choice", "fields": {"text": "No", "image": "", "question": 7, "order": 2}}, {"pk": 12, "model": "survey.choice", "fields": {"text": "development", "image": "", "question": 4, "order": 3}}, {"pk": 3, "model": "survey.choice", "fields": {"text": "SIPA MIA IPS", "image": "", "question": 1, "order": 3}}, {"pk": 4, "model": "survey.choice", "fields": {"text": "SIPA MIA Other", "image": "", "question": 1, "order": 4}}, {"pk": 13, "model": "survey.choice", "fields": {"text": "reconstruction", "image": "", "question": 4, "order": 4}}, {"pk": 14, "model": "survey.choice", "fields": {"text": "humanitarian aid/services", "image": "", "question": 4, "order": 5}}, {"pk": 5, "model": "survey.choice", "fields": {"text": "MPA-ESP", "image": "", "question": 1, "order": 5}}, {"pk": 6, "model": "survey.choice", "fields": {"text": "Climate and Society", "image": "", "question": 1, "order": 6}}, {"pk": 7, "model": "survey.choice", "fields": {"text": "E3B", "image": "", "question": 1, "order": 7}}, {"pk": 8, "model": "survey.choice", "fields": {"text": "Teacher's College", "image": "", "question": 1, "order": 8}}, {"pk": 9, "model": "survey.choice", "fields": {"text": "Other", "image": "", "question": 1, "order": 100}}, {"pk": 15, "model": "survey.answer", "fields": {"submission_date": "2009-08-05 11:48:17", "session_key": "2fc3bf7e6734fbe2e48c3a1c195af43a", "text": "SIPA MIA EPS", "question": 1, "user": 1, "interview_uuid": "307ed5f3ea6e4570b8dfa4947af077cb"}}, {"pk": 16, "model": "survey.answer", "fields": {"submission_date": "2009-08-05 11:48:17", "session_key": "2fc3bf7e6734fbe2e48c3a1c195af43a", "text": "CSa;lk jasdlkfjsdf", "question": 3, "user": 1, "interview_uuid": "307ed5f3ea6e4570b8dfa4947af077cb"}}, {"pk": 17, "model": "survey.answer", "fields": {"submission_date": "2009-08-05 11:48:17", "session_key": "2fc3bf7e6734fbe2e48c3a1c195af43a", "text": "conflict resolution/prevention", "question": 4, "user": null, "interview_uuid": ""}}, {"pk": 18, "model": "survey.answer", "fields": {"submission_date": "2009-08-05 11:48:17", "session_key": "2fc3bf7e6734fbe2e48c3a1c195af43a", "text": "reconstruction", "question": 4, "user": null, "interview_uuid": ""}}, {"pk": 19, "model": "survey.answer", "fields": {"submission_date": "2009-08-05 11:48:17", "session_key": "2fc3bf7e6734fbe2e48c3a1c195af43a", "text": "Yes", "question": 6, "user": 1, "interview_uuid": "307ed5f3ea6e4570b8dfa4947af077cb"}}, {"pk": 20, "model": "survey.answer", "fields": {"submission_date": "2009-08-05 11:48:17", "session_key": "2fc3bf7e6734fbe2e48c3a1c195af43a", "text": "CC", "question": 8, "user": 1, "interview_uuid": "307ed5f3ea6e4570b8dfa4947af077cb"}}, {"pk": 21, "model": "survey.answer", "fields": {"submission_date": "2009-08-05 11:48:17", "session_key": "2fc3bf7e6734fbe2e48c3a1c195af43a", "text": "No", "question": 7, "user": 1, "interview_uuid": "307ed5f3ea6e4570b8dfa4947af077cb"}}, {"pk": 22, "model": "survey.answer", "fields": {"submission_date": "2009-08-05 11:48:17", "session_key": "2fc3bf7e6734fbe2e48c3a1c195af43a", "text": "No", "question": 10, "user": 1, "interview_uuid": "307ed5f3ea6e4570b8dfa4947af077cb"}}, {"pk": 23, "model": "survey.answer", "fields": {"submission_date": "2009-08-11 14:17:49", "session_key": "7745b416b8a62d1d8c4c4b419e1f0114", "text": "SIPA MIA EPS", "question": 1, "user": 4, "interview_uuid": "b1b32a5f60aa4af5b7d1bbf3cee928fe"}}, {"pk": 24, "model": "survey.answer", "fields": {"submission_date": "2009-08-11 14:17:49", "session_key": "7745b416b8a62d1d8c4c4b419e1f0114", "text": "goo", "question": 2, "user": 4, "interview_uuid": "b1b32a5f60aa4af5b7d1bbf3cee928fe"}}, {"pk": 25, "model": "survey.answer", "fields": {"submission_date": "2009-08-11 14:17:49", "session_key": "7745b416b8a62d1d8c4c4b419e1f0114", "text": "previous academic experience is the bomb", "question": 3, "user": 4, "interview_uuid": "b1b32a5f60aa4af5b7d1bbf3cee928fe"}}, {"pk": 26, "model": "survey.answer", "fields": {"submission_date": "2009-08-11 14:17:49", "session_key": "7745b416b8a62d1d8c4c4b419e1f0114", "text": "conflict resolution/prevention", "question": 4, "user": 4, "interview_uuid": "b1b32a5f60aa4af5b7d1bbf3cee928fe"}}, {"pk": 27, "model": "survey.answer", "fields": {"submission_date": "2009-08-11 14:17:49", "session_key": "7745b416b8a62d1d8c4c4b419e1f0114", "text": "reconstruction", "question": 4, "user": 4, "interview_uuid": "b1b32a5f60aa4af5b7d1bbf3cee928fe"}}, {"pk": 28, "model": "survey.answer", "fields": {"submission_date": "2009-08-11 14:17:49", "session_key": "7745b416b8a62d1d8c4c4b419e1f0114", "text": "opt", "question": 5, "user": 4, "interview_uuid": "b1b32a5f60aa4af5b7d1bbf3cee928fe"}}, {"pk": 29, "model": "survey.answer", "fields": {"submission_date": "2009-08-11 14:17:49", "session_key": "7745b416b8a62d1d8c4c4b419e1f0114", "text": "Yes", "question": 6, "user": 4, "interview_uuid": "b1b32a5f60aa4af5b7d1bbf3cee928fe"}}, {"pk": 30, "model": "survey.answer", "fields": {"submission_date": "2009-08-11 14:17:49", "session_key": "7745b416b8a62d1d8c4c4b419e1f0114", "text": "asdf", "question": 8, "user": 4, "interview_uuid": "b1b32a5f60aa4af5b7d1bbf3cee928fe"}}, {"pk": 31, "model": "survey.answer", "fields": {"submission_date": "2009-08-11 14:17:49", "session_key": "7745b416b8a62d1d8c4c4b419e1f0114", "text": "No", "question": 7, "user": 4, "interview_uuid": "b1b32a5f60aa4af5b7d1bbf3cee928fe"}}, {"pk": 32, "model": "survey.answer", "fields": {"submission_date": "2009-08-11 14:17:49", "session_key": "7745b416b8a62d1d8c4c4b419e1f0114", "text": "Yes", "question": 10, "user": 4, "interview_uuid": "b1b32a5f60aa4af5b7d1bbf3cee928fe"}}, {"pk": 33, "model": "survey.answer", "fields": {"submission_date": "2009-08-11 14:17:49", "session_key": "7745b416b8a62d1d8c4c4b419e1f0114", "text": "last text field here!", "question": 11, "user": 4, "interview_uuid": "b1b32a5f60aa4af5b7d1bbf3cee928fe"}}]
